Model,Features Used,Train F2,Test F2,Train ROC-AUC,Test ROC-AUC,Train Precision,Test Precision,Train Recall,Test Recall
XGBClassifier,15,0.9955109585423818,0.9008528784648188,0.9999901389978686,0.9928981106612687,0.9986754966887417,0.949438202247191,0.9947229551451188,0.8894736842105263
DecisionTreeClassifier,15,1.0,0.8971668415529905,1.0,0.9382478632478631,1.0,0.8860103626943006,1.0,0.9
RandomForestClassifier,15,1.0,0.8848614072494669,1.0,0.9943488529014846,1.0,0.9325842696629213,1.0,0.8736842105263158
KNeighborsClassifier,15,0.725739563173901,0.5672969966629589,0.9763932891654352,0.9264788573999099,0.8974358974358975,0.7338129496402878,0.6926121372031663,0.5368421052631579
LogisticRegression,15,0.49028016009148084,0.5039637599093998,0.8754372297909325,0.8557411156095367,0.7360515021459227,0.7235772357723578,0.4525065963060686,0.46842105263157896
