Model,Features Used,Train F2,Test F2,Train ROC-AUC,Test ROC-AUC,Train Precision,Test Precision,Train Recall,Test Recall
XGBClassifier,24,1.0,0.9460887949260042,1.0,0.9967723796671165,1.0,0.9623655913978495,1.0,0.9421052631578948
DecisionTreeClassifier,24,1.0,0.93717277486911,1.0,0.9625056230319388,1.0,0.9179487179487179,1.0,0.9421052631578948
RandomForestClassifier,24,1.0,0.9192348565356004,1.0,0.9982877867746288,1.0,0.9558011049723757,1.0,0.9105263157894737
KNeighborsClassifier,24,0.9045832216563924,0.7071823204419889,0.9947618708856729,0.9663292847503374,0.9656652360515021,0.8827586206896552,0.8905013192612137,0.6736842105263158
LogisticRegression,24,0.5752461322081576,0.5667789001122334,0.8924742240447859,0.8783175888439047,0.7820267686424475,0.7709923664122137,0.5395778364116095,0.531578947368421
