Model,Features Used,Train F2,Test F2,Train ROC-AUC,Test ROC-AUC,Train Precision,Test Precision,Train Recall,Test Recall
XGBClassifier,31,1.0,0.9651898734177216,1.0,0.9983412055780477,1.0,0.973404255319149,1.0,0.9631578947368421
RandomForestClassifier,31,1.0,0.9188034188034188,1.0,0.9985576923076923,1.0,0.9772727272727273,1.0,0.9052631578947369
DecisionTreeClassifier,31,1.0,0.912906610703043,1.0,0.9477451641925325,1.0,0.9015544041450777,1.0,0.9157894736842105
KNeighborsClassifier,31,0.8281036834924966,0.6714761376248612,0.9909025211765021,0.9521479982006298,0.9589257503949447,0.8581560283687943,0.8007915567282322,0.6368421052631579
LogisticRegression,31,0.5808720112517581,0.5760626398210291,0.8966098579029593,0.8852114260008997,0.7896749521988528,0.7686567164179104,0.5448548812664907,0.5421052631578948
