Model,Features Used,Train F2,Test F2,Train ROC-AUC,Test ROC-AUC,Train Precision,Test Precision,Train Recall,Test Recall
DecisionTreeClassifier,21,1.0,0.9595435684647303,1.0,0.9766925326135852,1.0,0.9068627450980392,1.0,0.9736842105263158
XGBClassifier,21,1.0,0.9440928270042194,1.0,0.9976158344579398,1.0,0.9521276595744681,1.0,0.9421052631578948
RandomForestClassifier,21,1.0,0.9341825902335457,1.0,0.9983721322537112,1.0,0.967032967032967,1.0,0.9263157894736842
KNeighborsClassifier,21,0.8595018949648078,0.6808035714285714,0.9924697161580973,0.9641981556455241,0.959214501510574,0.8970588235294118,0.837730870712401,0.6421052631578947
LogisticRegression,21,0.5623057360836394,0.5780022446689114,0.8912123679506161,0.8781545209176789,0.7850098619329389,0.7862595419847328,0.525065963060686,0.5421052631578948
