Model,Features Used,Train F2,Test F2,Train ROC-AUC,Test ROC-AUC,Train Precision,Test Precision,Train Recall,Test Recall
XGBClassifier,27,1.0,0.9639830508474576,1.0,0.9988529014844804,1.0,0.9891304347826086,1.0,0.9578947368421052
DecisionTreeClassifier,27,1.0,0.9329140461215933,1.0,0.9598740440845704,1.0,0.9175257731958762,1.0,0.9368421052631579
RandomForestClassifier,27,1.0,0.9221748400852878,1.0,0.9987151372019792,1.0,0.9719101123595506,1.0,0.9105263157894737
KNeighborsClassifier,27,0.8635625338386573,0.6752232142857143,0.992553534676214,0.9665513945119208,0.9637462235649547,0.8897058823529411,0.841688654353562,0.6368421052631579
LogisticRegression,27,0.5746478873239437,0.5655095184770437,0.8957790684733901,0.8862179487179488,0.7876447876447876,0.7593984962406015,0.5382585751978892,0.531578947368421
