Model,Features Used,Train F2,Test F2,Train ROC-AUC,Test ROC-AUC,Train Precision,Test Precision,Train Recall,Test Recall
XGBClassifier,18,0.9986807387862797,0.9206349206349206,0.9999957738562293,0.9936009896536211,0.9986807387862797,0.9405405405405406,0.9986807387862797,0.9157894736842105
DecisionTreeClassifier,18,1.0,0.9014675052410901,1.0,0.9408794421952317,1.0,0.8865979381443299,1.0,0.9052631578947369
RandomForestClassifier,18,1.0,0.8779443254817987,1.0,0.9941492352676563,1.0,0.9425287356321839,1.0,0.8631578947368421
KNeighborsClassifier,18,0.7674290438137228,0.5915178571428571,0.9838364087920695,0.9352985829959514,0.932998324958124,0.7794117647058824,0.7348284960422163,0.5578947368421052
LogisticRegression,18,0.49156901971991995,0.5152887882219706,0.878269802653173,0.8627024291497976,0.7366167023554604,0.7398373983739838,0.45382585751978893,0.4789473684210526
